{"stat.chestOpened":9,"stat.useItem.minecraft.quartz_block":25,"stat.useItem.minecraft.stone":39,"stat.useItem.minecraft.quartz_stairs":27,"stat.leaveGame":53,"stat.pickup.minecraft.purple_shulker_box":1,"stat.useItem.mc8x9.hakkunblock-yellow":1,"stat.pickup.minecraft.red_shulker_box":1,"stat.useItem.minecraft.glowstone":53,"stat.pickup.mc8x9.hakkunblock-white":5,"stat.pickup.minecraft.diamond_sword":1,"stat.useItem.minecraft.bedrock":391,"stat.jump":1561,"stat.swimOneCm":20642,"stat.pickup.minecraft.white_shulker_box":1,"stat.pickup.mc8x9.hakkunblock-cyan":8,"stat.useItem.minecraft.planks":28,"stat.pickup.mc8x9.hakkunblock-yellow":20,"stat.pickup.mc8x9.hakkunblock-brown":8,"stat.crouchOneCm":37098,"stat.useItem.minecraft.coal_block":3,"stat.useItem.minecraft.obsidian":52,"stat.useItem.minecraft.dirt":27,"stat.pickup.minecraft.dirt":3,"stat.useItem.minecraft.stone_slab2":2865,"stat.useItem.minecraft.water_bucket":59,"stat.useItem.minecraft.glass":61,"stat.useItem.minecraft.redstone_lamp":25,"stat.useItem.minecraft.stone_brick_stairs":14,"stat.pickup.mc8x9.hakkunblock-silver":7,"stat.pickup.mc8x9.hakkunblock-purple":7,"stat.useItem.minecraft.gold_block":40,"stat.pickup.minecraft.gold_block":51,"stat.pickup.minecraft.reeds":1,"stat.flyOneCm":6779055,"stat.pickup.minecraft.wheat_seeds":18,"stat.pickup.minecraft.redstone":9,"stat.useItem.minecraft.wool":80,"stat.timeSinceDeath":1082460,"stat.pickup.mc8x9.hakkunblock-lime":9,"stat.useItem.minecraft.iron_bars":392,"stat.walkOneCm":1279192,"stat.pickup.minecraft.green_shulker_box":2,"stat.useItem.minecraft.lever":1,"stat.pickup.minecraft.wooden_axe":1,"stat.pickup.minecraft.light_blue_shulker_box":1,"stat.pickup.mc8x9.hakkunblock-magenta":11,"stat.useItem.minecraft.green_shulker_box":1,"stat.drop.minecraft.bedrock":1,"stat.pickup.minecraft.bedrock":1,"stat.useItem.mc8x9.hakkunblock-black":1,"stat.pickup.minecraft.brown_shulker_box":1,"stat.useItem.minecraft.redstone":102,"stat.pickup.mc8x9.hakkunblock-red":8,"stat.pickup.mc8x9.hakkunblock-green":10,"stat.sprintOneCm":30719,"stat.useItem.minecraft.diamond_block":134,"stat.useItem.mc8x9.hakkunblock-blue":1,"stat.useItem.minecraft.barrier":27,"stat.useItem.minecraft.iron_block":34,"stat.useItem.minecraft.diamond_pickaxe":200,"stat.pickup.mc8x9.hakkunblock-orange":15,"stat.pickup.mc8x9.hakkunblock-pink":17,"stat.useItem.mc8x9.hakkunblock-white":1,"stat.useItem.mc8x9.hakkunblock-green":1,"stat.drop":2,"stat.playOneMinute":1082460,"stat.pickup.mc8x9.hakkunblock-gray":17,"stat.pickup.minecraft.red_flower":1,"stat.sneakTime":28570,"stat.pickup.minecraft.diamond_block":65,"stat.pickup.minecraft.wool":1,"stat.pickup.minecraft.iron_block":53,"stat.useItem.mc8x9.hakkunblock-orange":11,"stat.pickup.mc8x9.hakkunblock-lightblue":6,"stat.pickup.minecraft.yellow_flower":5984,"stat.pickup.mc8x9.hakkunblock-black":11,"stat.diveOneCm":48641,"stat.drop.minecraft.wooden_axe":1,"stat.pickup.mc8x9.hakkunblock-blue":10}