{"stat.walkOneCm":65808,"stat.useItem.minecraft.quartz_block":180,"stat.useItem.minecraft.lever":4,"stat.useItem.minecraft.quartz_stairs":4,"stat.useItem.minecraft.repeater":36,"stat.leaveGame":9,"stat.useItem.minecraft.comparator":1,"stat.useItem.minecraft.gold_ore":355,"stat.jump":143,"stat.swimOneCm":3475,"stat.useItem.minecraft.redstone":96,"stat.crouchOneCm":370,"stat.useItem.minecraft.stained_hardened_clay":1,"stat.sprintOneCm":1297,"achievement.exploreAllBiomes":{"value":0,"progress":["Plains"]},"stat.useItem.minecraft.water_bucket":3,"stat.useItem.minecraft.stone_slab":24,"stat.useItem.minecraft.redstone_lamp":84,"achievement.openInventory":23,"stat.pickup.minecraft.repeater":2,"stat.mineBlock.minecraft.red_flower":12,"stat.useItem.minecraft.bucket":1,"stat.drop.minecraft.elytra":1,"stat.aviateOneCm":110771,"stat.flyOneCm":211337,"stat.pickup.minecraft.wheat_seeds":2,"stat.drop":1,"stat.playOneMinute":95961,"stat.pickup.minecraft.red_flower":12,"stat.sneakTime":3607,"stat.damageDealt":47,"stat.pickup.minecraft.redstone":4,"stat.useItem.minecraft.wool":7,"stat.timeSinceDeath":95961,"stat.mineBlock.minecraft.tallgrass":7,"stat.diveOneCm":199}