{"stat.walkOneCm":228854,"stat.useItem.minecraft.quartz_block":25,"stat.useItem.minecraft.lever":1,"stat.leaveGame":13,"stat.useItem.mc8x9.hakkunblock-yellow":1,"stat.useItem.minecraft.glowstone":27,"stat.pickup.mc8x9.hakkunblock-white":2,"stat.pickup.minecraft.diamond_sword":1,"stat.useItem.minecraft.bedrock":391,"stat.jump":286,"stat.useItem.minecraft.redstone":28,"stat.pickup.mc8x9.hakkunblock-red":1,"stat.pickup.mc8x9.hakkunblock-yellow":2,"stat.crouchOneCm":6838,"stat.useItem.minecraft.dirt":7,"stat.pickup.minecraft.dirt":3,"stat.sprintOneCm":3545,"stat.useItem.minecraft.diamond_block":60,"stat.useItem.minecraft.stone_slab2":105,"achievement.exploreAllBiomes":{"value":0,"progress":["Plains"]},"achievement.8x9.8x9.main01":42,"stat.useItem.minecraft.glass":59,"stat.useItem.mc8x9.hakkunblock-blue":1,"achievement.openInventory":40,"stat.mineBlock.mc8x9.hakkunblock-brown":1,"stat.useItem.mc8x9.hakkunblock-lime":1,"stat.useItem.minecraft.barrier":27,"stat.pickup.mc8x9.hakkunblock-silver":3,"stat.pickup.mc8x9.hakkunblock-purple":3,"stat.useItem.minecraft.diamond_pickaxe":28,"stat.pickup.mc8x9.hakkunblock-pink":1,"stat.flyOneCm":885314,"stat.playOneMinute":127637,"stat.useItem.mc8x9.hakkunblock-red":2,"stat.sneakTime":4136,"stat.useItem.minecraft.wool":21,"stat.useItem.mc8x9.hakkunblock-orange":2,"stat.timeSinceDeath":127637,"stat.pickup.mc8x9.hakkunblock-black":1,"stat.useItem.mc8x9.hakkunblock-brown":2,"stat.pickup.mc8x9.hakkunblock-lime":2,"stat.pickup.mc8x9.hakkunblock-blue":1}