{"stat.flyOneCm":24441,"stat.walkOneCm":21919,"stat.useItem.minecraft.stone_slab":68,"stat.drop":1,"stat.jump":51,"stat.swimOneCm":297,"stat.playOneMinute":38291,"stat.useItem.minecraft.stone":1,"stat.useItem.minecraft.banner":4,"stat.leaveGame":1,"stat.useItem.minecraft.stone_brick_stairs":14,"stat.timeSinceDeath":38291,"stat.useItem.minecraft.dirt":2,"stat.useItem.minecraft.sign":5,"stat.sprintOneCm":129,"stat.useItem.minecraft.stonebrick":61,"stat.useItem.minecraft.fence":66,"stat.pickup.minecraft.banner":1,"stat.drop.minecraft.banner":1}