{"stat.chestOpened":9,"stat.beaconInteraction":1,"stat.walkOneCm":477189,"stat.useItem.minecraft.quartz_block":9,"stat.pickup.minecraft.sign":3,"stat.useItem.minecraft.orange_glazed_terracotta":34,"stat.leaveGame":19,"stat.useItem.minecraft.beacon":1,"stat.drop.minecraft.wool":2,"stat.useItem.minecraft.diamond_sword":132,"stat.pickup.minecraft.diamond_sword":1,"stat.jump":642,"stat.swimOneCm":290,"stat.useItem.minecraft.redstone":19,"stat.crouchOneCm":12703,"stat.useItem.minecraft.dirt":56,"stat.sprintOneCm":28012,"stat.useItem.minecraft.diamond_shovel":188,"stat.useItem.minecraft.stone_slab2":2220,"stat.useItem.minecraft.water_bucket":70,"stat.useItem.minecraft.diamond_hoe":2,"stat.useItem.minecraft.glass":1,"stat.damageTaken":900,"stat.mobKills":5,"stat.useItem.minecraft.stonebrick":1,"stat.flyOneCm":4735696,"stat.deaths":2,"stat.drop":2,"stat.killEntity.Shulker":4,"stat.playOneMinute":519727,"stat.sneakTime":13983,"stat.pickup.minecraft.wool":2,"stat.damageDealt":1413,"stat.pickup.minecraft.redstone":3,"stat.timeSinceDeath":500672,"stat.useItem.minecraft.wooden_axe":4,"stat.useItem.minecraft.spawn_egg":2,"stat.pickup.minecraft.shulker_shell":4,"stat.useItem.minecraft.light_blue_glazed_terracotta":39}