{"stat.useItem.minecraft.glass":1,"stat.useItem.minecraft.splash_potion":43,"stat.walkOneCm":256450,"stat.useItem.minecraft.quartz_block":16,"achievement.openInventory":17,"stat.useItem.minecraft.stone":1064,"stat.useItem.minecraft.quartz_stairs":190,"stat.leaveGame":2,"stat.damageTaken":47,"stat.pickup.minecraft.carpet":5,"stat.useItem.minecraft.carpet":161,"stat.aviateOneCm":844,"stat.useItem.minecraft.glowstone":79,"stat.flyOneCm":285602,"stat.useItem.minecraft.bedrock":2,"stat.drop":1,"stat.jump":196,"stat.playOneMinute":47700,"stat.useItem.minecraft.milk_bucket":1,"stat.sneakTime":252,"stat.pickup.minecraft.wool":1,"stat.pickup.minecraft.elytra":1,"stat.drop.minecraft.carpet":3,"stat.crouchOneCm":188,"stat.mineBlock.minecraft.wool":1,"stat.useItem.minecraft.wool":10,"stat.timeSinceDeath":47700,"stat.useItem.minecraft.dirt":2,"stat.sprintOneCm":14792,"achievement.exploreAllBiomes":{"value":0,"progress":["Plains"]},"stat.diveOneCm":158}