{"stat.walkOneCm":47510,"stat.useItem.minecraft.quartz_block":366,"stat.useItem.minecraft.lever":5,"stat.useItem.minecraft.stone":101,"stat.useItem.minecraft.quartz_stairs":2,"stat.leaveGame":3,"stat.pickup.minecraft.dark_oak_door":1,"stat.drop.minecraft.iron_door":1,"stat.jump":137,"stat.swimOneCm":35,"stat.drop.minecraft.stone":2,"stat.useItem.minecraft.redstone":12,"stat.pickup.minecraft.stone":2,"stat.crouchOneCm":124,"stat.useItem.minecraft.stone_button":1,"stat.sprintOneCm":10473,"achievement.exploreAllBiomes":{"value":0,"progress":["Plains"]},"stat.drop.minecraft.dark_oak_door":1,"stat.useItem.minecraft.glass":37,"stat.useItem.minecraft.redstone_lamp":16,"achievement.openInventory":17,"stat.drop.minecraft.quartz_stairs":2,"stat.pickup.minecraft.quartz_stairs":1,"stat.flyOneCm":92189,"stat.drop":7,"stat.pickup.minecraft.quartz_block":1,"stat.pickup.minecraft.iron_door":1,"stat.playOneMinute":55298,"stat.sneakTime":155,"stat.drop.minecraft.quartz_block":1,"stat.timeSinceDeath":55298,"stat.diveOneCm":121,"stat.useItem.minecraft.iron_door":1}