{"stat.chestOpened":9,"stat.useItem.minecraft.quartz_block":25,"stat.useItem.minecraft.stone":39,"stat.useItem.minecraft.quartz_stairs":27,"stat.leaveGame":31,"stat.pickup.minecraft.purple_shulker_box":1,"stat.useItem.mc8x9.hakkunblock-yellow":1,"stat.pickup.minecraft.red_shulker_box":1,"stat.useItem.minecraft.glowstone":53,"stat.pickup.mc8x9.hakkunblock-white":5,"stat.pickup.minecraft.diamond_sword":1,"stat.useItem.minecraft.bedrock":391,"stat.jump":935,"stat.swimOneCm":909,"stat.pickup.minecraft.white_shulker_box":1,"stat.pickup.mc8x9.hakkunblock-cyan":8,"stat.useItem.minecraft.planks":28,"stat.pickup.mc8x9.hakkunblock-yellow":20,"stat.pickup.mc8x9.hakkunblock-brown":8,"stat.crouchOneCm":18616,"stat.useItem.minecraft.coal_block":3,"stat.useItem.minecraft.obsidian":52,"stat.useItem.minecraft.dirt":27,"stat.pickup.minecraft.dirt":3,"stat.useItem.minecraft.stone_slab2":1165,"achievement.exploreAllBiomes":{"value":0,"progress":["Plains"]},"stat.useItem.minecraft.glass":61,"stat.useItem.minecraft.redstone_lamp":25,"stat.useItem.minecraft.stone_brick_stairs":14,"stat.pickup.mc8x9.hakkunblock-silver":7,"stat.pickup.mc8x9.hakkunblock-purple":7,"stat.useItem.minecraft.gold_block":40,"stat.pickup.minecraft.gold_block":43,"stat.pickup.minecraft.reeds":1,"stat.flyOneCm":2797289,"stat.pickup.minecraft.wheat_seeds":4,"stat.pickup.minecraft.redstone":4,"stat.useItem.minecraft.wool":79,"stat.timeSinceDeath":550217,"stat.pickup.mc8x9.hakkunblock-lime":9,"stat.useItem.minecraft.iron_bars":392,"stat.walkOneCm":780443,"stat.pickup.minecraft.green_shulker_box":2,"stat.useItem.minecraft.lever":1,"stat.pickup.minecraft.light_blue_shulker_box":1,"stat.pickup.mc8x9.hakkunblock-magenta":11,"stat.useItem.minecraft.green_shulker_box":1,"stat.drop.minecraft.bedrock":1,"stat.pickup.minecraft.bedrock":1,"stat.useItem.mc8x9.hakkunblock-black":1,"stat.pickup.minecraft.brown_shulker_box":1,"stat.useItem.minecraft.redstone":34,"stat.pickup.mc8x9.hakkunblock-red":8,"stat.pickup.mc8x9.hakkunblock-green":10,"stat.sprintOneCm":6697,"stat.useItem.minecraft.diamond_block":134,"achievement.8x9.8x9.main01":45,"stat.useItem.mc8x9.hakkunblock-blue":1,"achievement.openInventory":141,"stat.useItem.minecraft.barrier":27,"stat.useItem.minecraft.iron_block":34,"stat.useItem.minecraft.diamond_pickaxe":200,"stat.pickup.mc8x9.hakkunblock-orange":12,"stat.pickup.mc8x9.hakkunblock-pink":17,"stat.useItem.mc8x9.hakkunblock-white":1,"stat.useItem.mc8x9.hakkunblock-green":1,"stat.drop":1,"stat.playOneMinute":550217,"stat.pickup.mc8x9.hakkunblock-gray":17,"stat.sneakTime":12206,"stat.pickup.minecraft.diamond_block":54,"stat.pickup.minecraft.iron_block":45,"stat.useItem.mc8x9.hakkunblock-orange":2,"stat.pickup.mc8x9.hakkunblock-lightblue":6,"stat.pickup.mc8x9.hakkunblock-black":11,"stat.diveOneCm":2142,"stat.pickup.mc8x9.hakkunblock-blue":10}