{"stat.useItem.minecraft.bow":37,"stat.walkOneCm":47811,"achievement.openInventory":9,"stat.useItem.minecraft.stone":1,"stat.pickup.minecraft.repeater":1,"stat.useItem.minecraft.repeater":2,"stat.leaveGame":1,"stat.drop.minecraft.elytra":2,"stat.aviateOneCm":32199,"stat.useItem.minecraft.potion":1,"stat.flyOneCm":223525,"stat.drop":7,"stat.jump":119,"stat.playOneMinute":20017,"stat.drop.minecraft.stone":1,"stat.useItem.minecraft.redstone":1,"stat.drop.minecraft.carrot":4,"stat.sneakTime":775,"stat.pickup.minecraft.carrot":4,"stat.pickup.minecraft.elytra":1,"stat.pickup.minecraft.stone":1,"stat.pickup.minecraft.redstone":1,"stat.crouchOneCm":236,"stat.timeSinceDeath":20017,"achievement.exploreAllBiomes":{"value":0,"progress":["Plains"]}}