{"stat.walkOneCm":33707,"stat.useItem.minecraft.stone_slab":28,"stat.useItem.minecraft.quartz_block":273,"stat.useItem.minecraft.redstone_lamp":23,"achievement.openInventory":32,"stat.useItem.minecraft.stone":313,"stat.useItem.minecraft.quartz_stairs":96,"stat.leaveGame":4,"stat.useItem.minecraft.stone_brick_stairs":21,"stat.flyOneCm":298132,"stat.jump":112,"stat.swimOneCm":5,"stat.playOneMinute":41366,"stat.fallOneCm":418,"stat.useItem.minecraft.redstone_block":33,"stat.sneakTime":1285,"stat.crouchOneCm":683,"stat.useItem.minecraft.coal_block":1,"stat.useItem.minecraft.wool":127,"stat.timeSinceDeath":41366,"stat.useItem.minecraft.redstone_torch":7,"stat.sprintOneCm":12399,"stat.useItem.minecraft.stained_glass":22,"stat.useItem.minecraft.sign":3,"stat.useItem.minecraft.red_sandstone_stairs":16,"achievement.exploreAllBiomes":{"value":0,"progress":["Plains"]},"stat.diveOneCm":1656,"stat.useItem.minecraft.glass_pane":90}