{"stat.walkOneCm":76531,"stat.useItem.minecraft.stone":1,"stat.drop.minecraft.stone_brick_stairs":3,"stat.leaveGame":3,"stat.pickup.minecraft.stonebrick":5,"stat.drop.minecraft.banner":1,"stat.drop.minecraft.stone_slab":5,"stat.pickup.minecraft.stone_brick_stairs":3,"stat.jump":157,"stat.swimOneCm":297,"stat.pickup.minecraft.fence":3,"stat.drop.minecraft.stonebrick":5,"stat.climbOneCm":752,"stat.crouchOneCm":775,"stat.useItem.minecraft.dirt":2,"stat.sprintOneCm":14450,"stat.useItem.minecraft.stone_slab2":534,"stat.useItem.minecraft.fence":66,"stat.pickup.minecraft.banner":1,"stat.useItem.minecraft.stone_slab":70,"stat.useItem.minecraft.stone_brick_stairs":14,"stat.useItem.minecraft.stonebrick":61,"stat.drop.minecraft.fence":3,"stat.flyOneCm":160398,"stat.drop":17,"stat.playOneMinute":93802,"stat.useItem.minecraft.banner":4,"stat.sneakTime":609,"stat.timeSinceDeath":93802,"stat.pickup.minecraft.stone_slab":5,"stat.useItem.minecraft.sign":5}