{"stat.chestOpened":10,"stat.beaconInteraction":1,"stat.useItem.minecraft.quartz_block":9,"stat.pickup.minecraft.sign":251,"stat.useItem.minecraft.orange_glazed_terracotta":34,"stat.leaveGame":43,"stat.useItem.minecraft.beacon":1,"stat.useItem.minecraft.diamond_sword":132,"stat.useItem.minecraft.carpet":10,"stat.pickup.minecraft.diamond_sword":1,"stat.jump":2564,"stat.swimOneCm":34586,"stat.useItem.minecraft.sand":68,"stat.pickup.mc8x9.hotateshell":1,"stat.useItem.minecraft.concrete_powder":2,"stat.crouchOneCm":67687,"stat.pickup.minecraft.sticky_piston":10,"stat.useItem.minecraft.dirt":56,"stat.useItem.minecraft.stone_slab2":12258,"stat.useItem.minecraft.water_bucket":293,"stat.useItem.minecraft.diamond_hoe":2,"stat.useItem.minecraft.glass":1,"stat.pickup.minecraft.sand":9,"stat.pickup.minecraft.repeater":1,"stat.damageTaken":900,"stat.pickup.mc8x9.hakkunblock":26,"stat.flyOneCm":20622908,"stat.pickup.minecraft.concrete":3,"stat.pickup.minecraft.wheat_seeds":168,"stat.killEntity.Shulker":4,"stat.pickup.minecraft.potato":31,"stat.damageDealt":1423,"stat.pickup.minecraft.redstone":12,"stat.timeSinceDeath":1929801,"stat.useItem.minecraft.spawn_egg":2,"stat.pickup.minecraft.shulker_shell":4,"stat.walkOneCm":1707558,"stat.pickup.minecraft.wooden_axe":3,"stat.pickup.mc8x9.asarishell":5,"stat.pickup.minecraft.carpet":10,"stat.drop.minecraft.wool":3,"stat.pickup.minecraft.wooden_button":2,"stat.useItem.minecraft.golden_hoe":1,"stat.useItem.minecraft.redstone":19,"stat.pickup.minecraft.sapling":7,"stat.sprintOneCm":92522,"stat.useItem.minecraft.diamond_shovel":390,"stat.pickup.minecraft.wooden_door":34,"stat.useItem.minecraft.concrete":3,"stat.useItem.minecraft.flint_and_steel":14,"stat.useItem.minecraft.wooden_button":2,"stat.drop.mc8x9.hotateshell":1,"stat.mobKills":5,"stat.useItem.minecraft.stonebrick":1,"stat.useItem.minecraft.wooden_door":4,"stat.pickup.minecraft.lever":2,"stat.deaths":2,"stat.drop":6,"stat.pickup.minecraft.egg":1,"stat.playOneMinute":1948856,"stat.pickup.minecraft.red_flower":7,"stat.sneakTime":66259,"stat.pickup.minecraft.wool":2,"stat.useItem.minecraft.wooden_axe":4,"stat.pickup.minecraft.yellow_flower":1,"stat.useItem.minecraft.light_blue_glazed_terracotta":39,"stat.diveOneCm":19020,"stat.drop.minecraft.wooden_axe":2,"stat.pickup.minecraft.wheat":83}