{"stat.chestOpened":10,"stat.beaconInteraction":1,"stat.useItem.minecraft.quartz_block":9,"stat.pickup.minecraft.sign":251,"stat.useItem.minecraft.orange_glazed_terracotta":34,"stat.leaveGame":75,"stat.useItem.minecraft.beacon":1,"stat.useItem.minecraft.diamond_sword":135,"stat.useItem.minecraft.carpet":10,"stat.pickup.minecraft.diamond_sword":1,"stat.jump":4117,"stat.swimOneCm":36314,"stat.useItem.minecraft.sand":68,"stat.pickup.mc8x9.hotateshell":1,"stat.useItem.minecraft.concrete_powder":2,"stat.drop.minecraft.stone":1,"stat.crouchOneCm":124618,"stat.pickup.minecraft.sticky_piston":36,"stat.useItem.minecraft.dirt":56,"stat.useItem.minecraft.stone_slab2":16930,"stat.useItem.minecraft.water_bucket":381,"stat.useItem.minecraft.diamond_hoe":2,"stat.useItem.minecraft.glass":1,"stat.pickup.minecraft.sand":9,"stat.pickup.minecraft.repeater":1,"stat.damageTaken":900,"stat.pickup.minecraft.feather":1,"stat.drop.minecraft.concrete":2,"stat.drop.minecraft.water_bucket":1,"stat.noteblockTuned":1,"stat.pickup.mc8x9.hakkunblock":36,"stat.flyOneCm":28904349,"stat.pickup.minecraft.concrete":5,"stat.pickup.minecraft.wheat_seeds":168,"stat.killEntity.Shulker":4,"stat.pickup.minecraft.potato":31,"stat.pickup.minecraft.cactus":1,"stat.damageDealt":1633,"stat.pickup.minecraft.redstone":32,"stat.timeSinceDeath":3000400,"stat.useItem.minecraft.spawn_egg":2,"stat.pickup.minecraft.shulker_shell":4,"stat.pickup.minecraft.mutton":3,"stat.walkOneCm":2612866,"stat.drop.mc8x9.goalblock":1,"stat.pickup.minecraft.stick":5,"stat.pickup.minecraft.wooden_axe":5,"stat.pickup.mc8x9.asarishell":6,"stat.pickup.minecraft.carpet":10,"stat.drop.minecraft.wool":3,"stat.pickup.minecraft.wooden_button":2,"stat.useItem.minecraft.golden_hoe":1,"stat.pickup.mc8x9.goalblock":1,"stat.drop.minecraft.bedrock":1,"stat.pickup.minecraft.bedrock":1,"stat.useItem.minecraft.redstone":79,"stat.pickup.minecraft.stone":1,"stat.pickup.minecraft.chicken":1,"stat.pickup.minecraft.sapling":12,"stat.sprintOneCm":115093,"stat.useItem.minecraft.diamond_shovel":390,"stat.pickup.minecraft.wooden_door":37,"stat.useItem.minecraft.concrete":3,"stat.killEntity.Chicken":1,"stat.useItem.minecraft.flint_and_steel":27,"stat.useItem.minecraft.wooden_button":2,"stat.drop.mc8x9.hotateshell":1,"stat.mobKills":8,"stat.useItem.minecraft.stonebrick":1,"stat.useItem.minecraft.wooden_door":4,"stat.pickup.minecraft.lever":2,"stat.deaths":2,"stat.pickup.minecraft.water_bucket":1,"stat.drop":14,"stat.pickup.minecraft.egg":3,"stat.playOneMinute":3019455,"stat.killEntity.Sheep":2,"stat.pickup.minecraft.red_flower":7,"stat.sneakTime":98024,"stat.pickup.minecraft.wool":5,"stat.useItem.minecraft.wooden_axe":4,"stat.pickup.minecraft.yellow_flower":1,"stat.useItem.minecraft.light_blue_glazed_terracotta":39,"stat.diveOneCm":19177,"stat.drop.minecraft.wooden_axe":4,"stat.pickup.minecraft.wheat":83}