{"stat.chestOpened":10,"stat.beaconInteraction":1,"stat.useItem.minecraft.quartz_block":9,"stat.pickup.minecraft.sign":251,"stat.useItem.minecraft.orange_glazed_terracotta":34,"stat.leaveGame":29,"stat.useItem.minecraft.beacon":1,"stat.useItem.minecraft.diamond_sword":132,"stat.pickup.minecraft.diamond_sword":1,"stat.jump":1318,"stat.swimOneCm":17207,"stat.crouchOneCm":34654,"stat.pickup.minecraft.sticky_piston":10,"stat.useItem.minecraft.dirt":56,"stat.useItem.minecraft.stone_slab2":4879,"stat.useItem.minecraft.water_bucket":211,"stat.useItem.minecraft.diamond_hoe":2,"stat.useItem.minecraft.glass":1,"stat.pickup.minecraft.repeater":1,"stat.damageTaken":900,"stat.flyOneCm":10678158,"stat.pickup.minecraft.wheat_seeds":11,"stat.killEntity.Shulker":4,"stat.pickup.minecraft.potato":31,"stat.damageDealt":1423,"stat.pickup.minecraft.redstone":12,"stat.timeSinceDeath":835847,"stat.useItem.minecraft.spawn_egg":2,"stat.pickup.minecraft.shulker_shell":4,"stat.walkOneCm":967031,"stat.pickup.minecraft.wooden_axe":1,"stat.drop.minecraft.wool":2,"stat.useItem.minecraft.redstone":19,"stat.pickup.minecraft.sapling":1,"stat.sprintOneCm":53746,"stat.useItem.minecraft.diamond_shovel":390,"stat.pickup.minecraft.wooden_door":1,"stat.mobKills":5,"stat.useItem.minecraft.stonebrick":1,"stat.pickup.minecraft.lever":2,"stat.deaths":2,"stat.drop":2,"stat.playOneMinute":854902,"stat.pickup.minecraft.red_flower":7,"stat.sneakTime":30464,"stat.pickup.minecraft.wool":2,"stat.useItem.minecraft.wooden_axe":4,"stat.pickup.minecraft.yellow_flower":1,"stat.useItem.minecraft.light_blue_glazed_terracotta":39,"stat.diveOneCm":16995}