{"stat.chestOpened":16,"stat.walkOneCm":738915,"stat.useItem.minecraft.torch":9,"stat.leaveGame":16,"stat.pickup.minecraft.magenta_glazed_terracotta":1,"stat.useItem.minecraft.lava_bucket":3,"stat.drop.minecraft.wool":1,"stat.jump":1059,"stat.swimOneCm":18597,"stat.drop.minecraft.cobblestone":1,"stat.drop.minecraft.sapling":2,"stat.crouchOneCm":471,"stat.pickup.minecraft.sapling":37,"stat.useItem.minecraft.stone_button":2,"stat.sprintOneCm":17506,"stat.useItem.minecraft.stone_slab2":2625,"stat.pickup.minecraft.apple":1,"stat.useItem.minecraft.water_bucket":15,"stat.useItem.minecraft.diamond_hoe":1,"stat.useItem.minecraft.red_flower":1,"stat.useItem.minecraft.sapling":2,"stat.useItem.minecraft.flint_and_steel":6,"stat.drop.minecraft.water_bucket":1,"stat.pickup.minecraft.cobblestone":1,"stat.flyOneCm":5032691,"stat.pickup.minecraft.water_bucket":1,"stat.drop":7,"stat.pickup.minecraft.quartz_block":1,"stat.pickup.minecraft.potato":32,"stat.playOneMinute":1054541,"stat.pickup.minecraft.stone_button":2,"stat.pickup.minecraft.torch":1,"stat.pickup.minecraft.red_flower":1,"stat.pickup.minecraft.cactus":2,"stat.sneakTime":3448,"stat.pickup.minecraft.wool":1,"stat.drop.minecraft.quartz_block":1,"stat.damageDealt":10,"stat.drop.minecraft.magenta_glazed_terracotta":1,"stat.useItem.minecraft.wool":1,"stat.timeSinceDeath":1054541,"stat.diveOneCm":481}