{"stat.pickup.minecraft.flint_and_steel":1,"stat.walkOneCm":43837,"stat.drop.minecraft.stone_brick_stairs":3,"stat.leaveGame":1,"stat.drop.minecraft.flint_and_steel":3,"stat.drop.minecraft.diamond_block":3,"stat.drop.minecraft.spruce_boat":1,"stat.useItem.minecraft.spruce_boat":11,"stat.useItem.minecraft.diamond_sword":112,"stat.drop.minecraft.spawn_egg":2,"stat.drop.minecraft.iron_block":10,"stat.pickup.minecraft.stone_brick_stairs":3,"stat.jump":74,"stat.drop.minecraft.glass_pane":6,"stat.swimOneCm":928,"stat.fallOneCm":1353,"stat.climbOneCm":2642,"stat.useItem.minecraft.sea_lantern":111,"stat.drop.minecraft.diamond_sword":2,"stat.crouchOneCm":293,"stat.useItem.minecraft.dirt":11,"stat.sprintOneCm":7073,"stat.useItem.minecraft.diamond_block":259,"stat.useItem.minecraft.glass_pane":85,"stat.boatOneCm":1232,"stat.drop.minecraft.brown_glazed_terracotta":2,"stat.useItem.minecraft.bed":17,"stat.useItem.minecraft.flint_and_steel":2,"stat.pickup.minecraft.grass":1,"stat.damageTaken":90,"stat.useItem.minecraft.stone_brick_stairs":20,"stat.mobKills":7,"stat.useItem.minecraft.stonebrick":102,"stat.aviateOneCm":968,"stat.drop.minecraft.boat":1,"stat.flyOneCm":61350,"stat.drop":30,"stat.killEntity.Shulker":7,"stat.playOneMinute":43956,"stat.useItem.minecraft.ladder":10,"stat.sneakTime":799,"stat.pickup.minecraft.diamond_block":3,"stat.damageDealt":1952,"stat.pickup.minecraft.iron_block":5,"stat.drop.minecraft.sea_lantern":1,"stat.pickup.minecraft.glass_pane":6,"stat.pickup.minecraft.sea_lantern":1,"stat.timeSinceDeath":43956,"stat.useItem.minecraft.spawn_egg":11,"stat.drop.minecraft.grass":1,"stat.pickup.minecraft.shulker_shell":1,"stat.useItem.minecraft.light_blue_glazed_terracotta":134}