{"stat.useItem.minecraft.iron_bars":7,"stat.useItem.minecraft.string":1,"stat.walkOneCm":41127,"stat.useItem.minecraft.stone_slab":13,"stat.useItem.minecraft.painting":17,"stat.useItem.minecraft.quartz_block":44,"stat.useItem.minecraft.lever":8,"stat.useItem.minecraft.quartz_stairs":44,"stat.leaveGame":2,"stat.useItem.minecraft.stone_brick_stairs":8,"stat.useItem.minecraft.purpur_stairs":18,"stat.useItem.minecraft.rail":7,"stat.useItem.minecraft.lava_bucket":6,"stat.useItem.minecraft.stonebrick":1,"stat.useItem.minecraft.bucket":5,"stat.minecartOneCm":562,"stat.flyOneCm":400518,"stat.drop":1,"stat.pickup.minecraft.quartz_block":1,"stat.swimOneCm":308,"stat.jump":132,"stat.useItem.minecraft.iron_trapdoor":4,"stat.useItem.minecraft.magma":2,"stat.useItem.minecraft.minecart":7,"stat.playOneMinute":53076,"stat.useItem.minecraft.end_rod":8,"stat.sneakTime":2959,"stat.drop.minecraft.quartz_block":1,"stat.damageDealt":20,"stat.crouchOneCm":1690,"stat.pickup.minecraft.rail":2,"stat.timeSinceDeath":53076,"stat.useItem.minecraft.redstone_torch":5,"stat.useItem.minecraft.dirt":2,"stat.sprintOneCm":3603,"stat.useItem.minecraft.sign":4,"stat.useItem.minecraft.stone_slab2":229,"stat.useItem.minecraft.concrete":366,"stat.useItem.minecraft.water_bucket":50,"stat.useItem.minecraft.glass_pane":8}