{"stat.walkOneCm":261561,"stat.drop.minecraft.pumpkin":1,"stat.drop.minecraft.iron_bars":1,"stat.leaveGame":8,"stat.useItem.minecraft.lava_bucket":1,"stat.useItem.minecraft.diamond_sword":17,"stat.jump":348,"stat.swimOneCm":62,"stat.useItem.minecraft.sand":8,"stat.drop.minecraft.stonebrick":1,"stat.useItem.mc8x9.hakkunblock":19,"stat.pickup.minecraft.iron_ingot":3,"stat.drop.minecraft.cobblestone":1,"stat.crouchOneCm":18,"stat.sprintOneCm":3609,"stat.useItem.minecraft.stone_slab2":873,"stat.useItem.minecraft.concrete":1,"stat.pickup.minecraft.sand":23,"stat.damageTaken":900,"stat.drop.minecraft.brick_block":1,"stat.pickup.minecraft.cobblestone":1,"stat.mobKills":1,"stat.pickup.mc8x9.hakkunblock":1,"stat.flyOneCm":1260448,"stat.deaths":1,"stat.drop":16,"stat.playOneMinute":308013,"stat.pickup.minecraft.red_flower":2,"stat.sneakTime":145,"stat.damageDealt":999,"stat.timeSinceDeath":307629,"stat.drop.mc8x9.hakkunblock":5,"stat.drop.minecraft.torch":64,"stat.drop.minecraft.grass":2,"stat.drop.minecraft.diamond_pickaxe":1}