{"stat.pickup.minecraft.boat":11,"stat.useItem.minecraft.splash_potion":36,"stat.dropperInspected":2,"stat.walkOneCm":113127,"stat.boatOneCm":13132,"stat.killEntity.Horse":1,"stat.trappedChestTriggered":22,"stat.leaveGame":1,"stat.damageTaken":70,"stat.drop.minecraft.dirt":5,"stat.mobKills":1,"stat.pickup.minecraft.planks":4,"stat.useItem.minecraft.potion":3,"stat.drop.minecraft.boat":1,"stat.pickup.minecraft.log":1,"stat.flyOneCm":366431,"stat.useItem.minecraft.boat":4,"stat.drop":10,"stat.jump":141,"stat.pickup.minecraft.egg":1,"stat.playOneMinute":55762,"stat.fallOneCm":914,"stat.useItem.minecraft.milk_bucket":1,"stat.sneakTime":2148,"stat.drop.minecraft.planks":2,"stat.crouchOneCm":1833,"stat.timeSinceDeath":55762,"stat.pickup.minecraft.sapling":3,"stat.hopperInspected":11,"stat.pickup.minecraft.dirt":5,"stat.useItem.minecraft.dirt":1,"stat.sprintOneCm":24460,"stat.drop.minecraft.log":1,"stat.useItem.minecraft.diamond_shovel":1,"stat.useItem.minecraft.stone_slab2":1022,"stat.drop.minecraft.grass":1}