{"stat.drop.minecraft.spawn_egg":1,"stat.pickup.minecraft.spawn_egg":1,"stat.flyOneCm":118547,"stat.walkOneCm":76546,"stat.drop":1,"stat.jump":102,"stat.swimOneCm":45,"stat.useItem.minecraft.wooden_hoe":1,"stat.playOneMinute":41778,"stat.pickup.minecraft.torch":8,"stat.leaveGame":3,"stat.sneakTime":300,"stat.killEntity.Villager":4,"stat.damageDealt":928,"stat.crouchOneCm":219,"stat.timeSinceDeath":41778,"stat.sprintOneCm":27274,"stat.mobKills":5,"stat.useItem.minecraft.stone_slab2":530,"stat.useItem.minecraft.spawn_egg":3,"stat.useItem.minecraft.diamond_sword":9,"stat.diveOneCm":203,"stat.useItem.minecraft.water_bucket":2}