{"stat.walkOneCm":45561,"stat.useItem.minecraft.torch":2,"stat.useItem.minecraft.quartz_block":12,"stat.useItem.minecraft.painting":11,"stat.useItem.minecraft.lever":4,"stat.useItem.minecraft.quartz_stairs":20,"stat.leaveGame":1,"stat.jump":97,"stat.fallOneCm":347,"stat.useItem.minecraft.planks":8,"stat.climbOneCm":1042,"stat.pickup.minecraft.beef":1,"stat.useItem.minecraft.end_rod":9,"stat.crouchOneCm":16,"stat.pickup.minecraft.chicken":1,"stat.useItem.minecraft.spruce_fence":6,"stat.useItem.minecraft.dirt":2,"stat.useItem.minecraft.diamond_shovel":13,"stat.pickup.minecraft.end_rod":1,"stat.useItem.minecraft.glass":172,"stat.killEntity.Horse":1,"stat.killEntity.Chicken":1,"stat.damageTaken":10,"stat.pickup.minecraft.feather":2,"stat.useItem.minecraft.dark_oak_fence":2,"stat.useItem.minecraft.wooden_button":4,"stat.useItem.minecraft.stone_brick_stairs":77,"stat.drop.minecraft.end_rod":1,"stat.mobKills":5,"stat.useItem.minecraft.stonebrick":529,"stat.drop.minecraft.elytra":1,"stat.aviateOneCm":70417,"stat.useItem.minecraft.slime":25,"stat.flyOneCm":110675,"stat.drop":2,"stat.playOneMinute":44568,"stat.killEntity.Sheep":2,"stat.useItem.minecraft.ladder":15,"stat.sneakTime":472,"stat.pickup.minecraft.wool":2,"stat.pickup.minecraft.elytra":1,"stat.damageDealt":561,"stat.useItem.minecraft.wool":2,"stat.timeSinceDeath":44568,"stat.killEntity.Cow":1,"stat.useItem.minecraft.sign":2,"stat.pickup.minecraft.mutton":3,"stat.useItem.minecraft.iron_door":2}