{"stat.useItem.minecraft.iron_bars":92,"stat.walkOneCm":89684,"stat.useItem.minecraft.stone_slab":1,"stat.useItem.minecraft.lever":3,"stat.pickup.minecraft.stone_pressure_plate":1,"stat.leaveGame":2,"stat.useItem.minecraft.iron_block":80,"stat.useItem.minecraft.stone_pressure_plate":10,"stat.useItem.minecraft.stonebrick":6,"stat.useItem.minecraft.spruce_fence_gate":3,"stat.useItem.minecraft.carpet":3,"stat.talkedToVillager":1,"stat.flyOneCm":175478,"stat.jump":207,"stat.swimOneCm":561,"stat.playOneMinute":43018,"stat.pickup.minecraft.torch":3,"stat.sneakTime":2604,"stat.crouchOneCm":7656,"stat.timeSinceDeath":43018,"stat.sprintOneCm":36317,"stat.useItem.minecraft.stone_slab2":401,"stat.useItem.minecraft.spawn_egg":2,"stat.diveOneCm":259}