{"stat.beaconInteraction":3,"stat.walkOneCm":37042,"stat.useItem.minecraft.stone":412,"stat.leaveGame":3,"stat.useItem.minecraft.beacon":3,"stat.drop.minecraft.stained_glass":1,"stat.drop.minecraft.prismarine_crystals":3,"stat.useItem.minecraft.diamond_sword":2,"stat.useItem.minecraft.glowstone":67,"stat.jump":505,"stat.swimOneCm":2985,"stat.fallOneCm":7276,"stat.useItem.minecraft.planks":24,"stat.pickup.minecraft.chicken":1,"stat.crouchOneCm":354,"stat.pickup.minecraft.dirt":7,"stat.useItem.minecraft.dirt":23,"stat.sprintOneCm":53313,"stat.useItem.minecraft.stained_glass":16,"stat.useItem.minecraft.diamond_block":18,"stat.killEntity.Horse":2,"stat.killEntity.Chicken":1,"stat.mineBlock.minecraft.sea_lantern":1,"stat.damageTaken":280,"stat.pickup.minecraft.leather":2,"stat.mobKills":3,"stat.pickup.minecraft.prismarine_crystals":3,"stat.flyOneCm":243917,"stat.drop":4,"stat.pickup.minecraft.diamond":2,"stat.playOneMinute":39490,"stat.sneakTime":170,"stat.pickup.minecraft.stained_glass":1,"stat.damageDealt":440,"stat.timeSinceDeath":39490,"stat.mineBlock.minecraft.dirt":7}