{"stat.chestOpened":9,"stat.walkOneCm":358669,"stat.pickup.minecraft.sign":3,"stat.leaveGame":15,"stat.drop.minecraft.wool":2,"stat.jump":465,"stat.useItem.mc8x9.hakkunblock":1,"stat.useItem.minecraft.redstone":19,"stat.crouchOneCm":9466,"stat.sprintOneCm":15682,"stat.useItem.minecraft.diamond_shovel":53,"stat.useItem.minecraft.stone_slab2":1851,"stat.useItem.minecraft.diamond_hoe":2,"stat.damageTaken":900,"stat.mobKills":1,"stat.pickup.mc8x9.hakkunblock":2,"stat.flyOneCm":3331302,"stat.deaths":2,"stat.drop":2,"stat.playOneMinute":424296,"stat.sneakTime":8940,"stat.killEntity.menchan":1,"stat.pickup.minecraft.wool":2,"stat.damageDealt":80,"stat.pickup.minecraft.redstone":3,"stat.timeSinceDeath":405241,"stat.useItem.minecraft.spawn_egg":2}