{"stat.useItem.minecraft.iron_bars":79,"stat.walkOneCm":170881,"stat.useItem.minecraft.stone_slab":252,"stat.useItem.minecraft.quartz_block":310,"stat.useItem.minecraft.stone":35,"stat.useItem.minecraft.quartz_stairs":70,"stat.leaveGame":1,"stat.useItem.minecraft.gravel":10,"stat.useItem.minecraft.rail":5,"stat.useItem.minecraft.stonebrick":59,"stat.minecartOneCm":872,"stat.useItem.minecraft.stained_glass_pane":114,"stat.flyOneCm":1900260,"stat.useItem.minecraft.cobblestone_wall":202,"stat.swimOneCm":369,"stat.jump":722,"stat.useItem.minecraft.minecart":1,"stat.playOneMinute":165406,"stat.climbOneCm":1463,"stat.useItem.minecraft.sea_lantern":99,"stat.sneakTime":3191,"stat.crouchOneCm":203,"stat.useItem.minecraft.wool":2,"stat.timeSinceDeath":165406,"stat.pickup.minecraft.sapling":10,"stat.sprintOneCm":84517,"stat.useItem.minecraft.concrete":956}