{
  "minecraft:recipes/building_blocks/purple_wool": {
    "criteria": {
      "has_white_wool": "2017-10-04 10:44:02 +0900"
    },
    "done": true
  },
  "minecraft:recipes/building_blocks/lime_wool": {
    "criteria": {
      "has_white_wool": "2017-10-04 10:44:02 +0900"
    },
    "done": true
  },
  "minecraft:recipes/redstone/lever": {
    "criteria": {
      "has_cobblestone": "2017-10-04 10:43:51 +0900"
    },
    "done": true
  },
  "minecraft:recipes/decorations/blue_bed": {
    "criteria": {
      "has_blue_wool": "2017-10-04 10:44:28 +0900"
    },
    "done": true
  },
  "minecraft:recipes/building_blocks/pillar_quartz_block": {
    "criteria": {
      "has_quartz_block": "2017-09-25 16:05:26 +0900"
    },
    "done": true
  },
  "minecraft:recipes/decorations/lime_carpet": {
    "criteria": {
      "has_lime_wool": "2017-10-04 10:45:10 +0900"
    },
    "done": true
  },
  "minecraft:recipes/building_blocks/black_wool": {
    "criteria": {
      "has_white_wool": "2017-10-04 10:44:02 +0900"
    },
    "done": true
  },
  "minecraft:recipes/building_blocks/blue_wool": {
    "criteria": {
      "has_white_wool": "2017-10-04 10:44:02 +0900"
    },
    "done": true
  },
  "minecraft:recipes/decorations/orange_carpet": {
    "criteria": {
      "has_orange_wool": "2017-10-04 10:44:42 +0900"
    },
    "done": true
  },
  "minecraft:recipes/decorations/white_bed": {
    "criteria": {
      "has_white_wool": "2017-10-04 10:44:02 +0900"
    },
    "done": true
  },
  "minecraft:recipes/decorations/lime_banner": {
    "criteria": {
      "has_lime_wool": "2017-10-04 10:45:10 +0900"
    },
    "done": true
  },
  "minecraft:recipes/building_blocks/green_wool": {
    "criteria": {
      "has_white_wool": "2017-10-04 10:44:02 +0900"
    },
    "done": true
  },
  "minecraft:story/mine_stone": {
    "criteria": {
      "get_stone": "2017-10-04 10:43:51 +0900"
    },
    "done": true
  },
  "minecraft:recipes/decorations/furnace": {
    "criteria": {
      "has_cobblestone": "2017-10-04 10:43:51 +0900"
    },
    "done": true
  },
  "minecraft:recipes/building_blocks/brown_wool": {
    "criteria": {
      "has_white_wool": "2017-10-04 10:44:02 +0900"
    },
    "done": true
  },
  "minecraft:adventure/adventuring_time": {
    "criteria": {
      "plains": "2017-09-25 16:05:27 +0900"
    },
    "done": false
  },
  "minecraft:recipes/building_blocks/magenta_wool": {
    "criteria": {
      "has_white_wool": "2017-10-04 10:44:02 +0900"
    },
    "done": true
  },
  "minecraft:recipes/building_blocks/orange_wool": {
    "criteria": {
      "has_white_wool": "2017-10-04 10:44:02 +0900"
    },
    "done": true
  },
  "minecraft:recipes/decorations/chest": {
    "criteria": {
      "has_lots_of_items": "2017-09-27 16:09:53 +0900"
    },
    "done": true
  },
  "minecraft:recipes/combat/stone_sword": {
    "criteria": {
      "has_cobblestone": "2017-10-04 10:43:51 +0900"
    },
    "done": true
  },
  "minecraft:recipes/building_blocks/quartz_stairs": {
    "criteria": {
      "has_quartz_block": "2017-09-25 16:05:26 +0900"
    },
    "done": true
  },
  "minecraft:recipes/building_blocks/quartz_slab": {
    "criteria": {
      "has_quartz_block": "2017-09-25 16:05:26 +0900"
    },
    "done": true
  },
  "minecraft:recipes/decorations/painting": {
    "criteria": {
      "has_wool": "2017-10-04 10:44:02 +0900"
    },
    "done": true
  },
  "minecraft:recipes/decorations/cobblestone_wall": {
    "criteria": {
      "has_cobblestone": "2017-10-04 10:43:51 +0900"
    },
    "done": true
  },
  "minecraft:recipes/tools/stone_pickaxe": {
    "criteria": {
      "has_cobblestone": "2017-10-04 10:43:51 +0900"
    },
    "done": true
  },
  "minecraft:recipes/building_blocks/cyan_wool": {
    "criteria": {
      "has_white_wool": "2017-10-04 10:44:02 +0900"
    },
    "done": true
  },
  "minecraft:recipes/building_blocks/stone_slab": {
    "criteria": {
      "has_stone": "2017-10-04 06:32:31 +0900"
    },
    "done": true
  },
  "minecraft:recipes/redstone/stone_pressure_plate": {
    "criteria": {
      "has_stone": "2017-10-04 06:32:31 +0900"
    },
    "done": true
  },
  "minecraft:recipes/building_blocks/light_blue_wool": {
    "criteria": {
      "has_white_wool": "2017-10-04 10:44:02 +0900"
    },
    "done": true
  },
  "minecraft:recipes/tools/stone_shovel": {
    "criteria": {
      "has_cobblestone": "2017-10-04 10:43:51 +0900"
    },
    "done": true
  },
  "minecraft:recipes/decorations/blue_carpet": {
    "criteria": {
      "has_blue_wool": "2017-10-04 10:44:28 +0900"
    },
    "done": true
  },
  "minecraft:recipes/tools/stone_hoe": {
    "criteria": {
      "has_cobblestone": "2017-10-04 10:43:51 +0900"
    },
    "done": true
  },
  "minecraft:recipes/building_blocks/pink_wool": {
    "criteria": {
      "has_white_wool": "2017-10-04 10:44:02 +0900"
    },
    "done": true
  },
  "minecraft:recipes/building_blocks/gray_wool": {
    "criteria": {
      "has_white_wool": "2017-10-04 10:44:02 +0900"
    },
    "done": true
  },
  "minecraft:recipes/decorations/orange_bed": {
    "criteria": {
      "has_orange_wool": "2017-10-04 10:44:42 +0900"
    },
    "done": true
  },
  "minecraft:recipes/building_blocks/stonebrick": {
    "criteria": {
      "has_stone": "2017-10-04 06:32:31 +0900"
    },
    "done": true
  },
  "minecraft:recipes/building_blocks/cobblestone_slab": {
    "criteria": {
      "has_cobblestone": "2017-10-04 10:43:51 +0900"
    },
    "done": true
  },
  "minecraft:recipes/decorations/white_carpet": {
    "criteria": {
      "has_white_wool": "2017-10-04 10:44:02 +0900"
    },
    "done": true
  },
  "minecraft:recipes/building_blocks/stone_stairs": {
    "criteria": {
      "has_cobblestone": "2017-10-04 10:43:51 +0900"
    },
    "done": true
  },
  "minecraft:recipes/misc/iron_ingot_from_block": {
    "criteria": {
      "has_iron_block": "2017-09-27 15:44:38 +0900"
    },
    "done": true
  },
  "minecraft:recipes/building_blocks/chiseled_quartz_block": {
    "criteria": {
      "has_quartz_block": "2017-09-25 16:05:26 +0900"
    },
    "done": true
  },
  "minecraft:recipes/misc/diamond": {
    "criteria": {
      "has_diamond_block": "2017-09-27 15:44:49 +0900"
    },
    "done": true
  },
  "minecraft:recipes/decorations/orange_banner": {
    "criteria": {
      "has_orange_wool": "2017-10-04 10:44:42 +0900"
    },
    "done": true
  },
  "minecraft:recipes/building_blocks/light_gray_wool": {
    "criteria": {
      "has_white_wool": "2017-10-04 10:44:02 +0900"
    },
    "done": true
  },
  "minecraft:recipes/redstone/stone_button": {
    "criteria": {
      "has_stone": "2017-10-04 06:32:31 +0900"
    },
    "done": true
  },
  "minecraft:recipes/building_blocks/red_wool": {
    "criteria": {
      "has_white_wool": "2017-10-04 10:44:02 +0900"
    },
    "done": true
  },
  "minecraft:recipes/decorations/white_banner": {
    "criteria": {
      "has_white_wool": "2017-10-04 10:44:02 +0900"
    },
    "done": true
  },
  "minecraft:recipes/decorations/anvil": {
    "criteria": {
      "has_iron_block": "2017-09-27 15:44:38 +0900"
    },
    "done": true
  },
  "minecraft:recipes/building_blocks/yellow_wool": {
    "criteria": {
      "has_white_wool": "2017-10-04 10:44:02 +0900"
    },
    "done": true
  },
  "minecraft:recipes/tools/stone_axe": {
    "criteria": {
      "has_cobblestone": "2017-10-04 10:43:51 +0900"
    },
    "done": true
  },
  "minecraft:recipes/decorations/blue_banner": {
    "criteria": {
      "has_blue_wool": "2017-10-04 10:44:28 +0900"
    },
    "done": true
  },
  "minecraft:recipes/misc/gold_ingot_from_block": {
    "criteria": {
      "has_gold_block": "2017-09-27 15:44:43 +0900"
    },
    "done": true
  },
  "minecraft:recipes/decorations/lime_bed": {
    "criteria": {
      "has_lime_wool": "2017-10-04 10:45:10 +0900"
    },
    "done": true
  }
}