{"stat.walkOneCm":125907,"stat.useItem.mc8x9.hakkunblock-cyan":1,"stat.leaveGame":2,"stat.useItem.mc8x9.hakkunblock-yellow":1,"stat.pickup.mc8x9.hakkunblock-magenta":1,"stat.jump":150,"stat.pickup.mc8x9.hakkunblock-cyan":3,"stat.pickup.mc8x9.hakkunblock-red":2,"stat.pickup.mc8x9.hakkunblock-yellow":2,"stat.pickup.mc8x9.hakkunblock-brown":1,"stat.crouchOneCm":2018,"stat.pickup.mc8x9.hakkunblock-green":1,"stat.useItem.minecraft.diamond_shovel":93,"stat.sprintOneCm":342,"stat.useItem.minecraft.stone_slab2":505,"achievement.exploreAllBiomes":{"value":0,"progress":["Roofed Forest","Plains"]},"achievement.8x9.8x9.main01":13,"stat.useItem.mc8x9.hakkunblock-silver":1,"stat.useItem.minecraft.diamond_hoe":3,"stat.pickup.minecraft.sand":1,"stat.useItem.mc8x9.hakkunblock-blue":2,"achievement.openInventory":16,"stat.pickup.mc8x9.hakkunblock-silver":4,"stat.pickup.mc8x9.hakkunblock-purple":1,"stat.useItem.minecraft.diamond_pickaxe":26,"stat.pickup.mc8x9.hakkunblock-orange":6,"stat.flyOneCm":194335,"stat.drop":1,"stat.playOneMinute":47486,"stat.drop.minecraft.sand":1,"stat.useItem.mc8x9.hakkunblock-red":1,"stat.sneakTime":1452,"stat.useItem.mc8x9.hakkunblock-orange":1,"stat.timeSinceDeath":47486,"stat.pickup.mc8x9.hakkunblock-black":1,"stat.pickup.mc8x9.hakkunblock-lime":1,"stat.pickup.mc8x9.hakkunblock-blue":4}