{
  "minecraft:recipes/decorations/item_frame": {
    "criteria": {
      "has_leather": "2019-06-19 19:01:54 +0900"
    },
    "done": true
  },
  "minecraft:recipes/combat/leather_chestplate": {
    "criteria": {
      "has_leather": "2019-06-19 19:01:54 +0900"
    },
    "done": true
  },
  "minecraft:recipes/transportation/dark_oak_boat": {
    "criteria": {
      "entered_water": "2019-06-19 18:40:54 +0900"
    },
    "done": true
  },
  "minecraft:recipes/decorations/chest": {
    "criteria": {
      "has_lots_of_items": "2019-06-19 19:09:01 +0900"
    },
    "done": true
  },
  "minecraft:recipes/transportation/birch_boat": {
    "criteria": {
      "entered_water": "2019-06-19 18:40:54 +0900"
    },
    "done": true
  },
  "minecraft:recipes/transportation/acacia_boat": {
    "criteria": {
      "entered_water": "2019-06-19 18:40:54 +0900"
    },
    "done": true
  },
  "minecraft:recipes/building_blocks/chiseled_sandstone": {
    "criteria": {
      "has_stone_slab": "2019-06-19 19:15:41 +0900"
    },
    "done": true
  },
  "minecraft:recipes/building_blocks/polished_andesite": {
    "criteria": {
      "has_stone": "2019-06-19 19:02:20 +0900"
    },
    "done": true
  },
  "minecraft:recipes/transportation/boat": {
    "criteria": {
      "entered_water": "2019-06-19 18:40:54 +0900"
    },
    "done": true
  },
  "minecraft:recipes/combat/leather_boots": {
    "criteria": {
      "has_leather": "2019-06-19 19:01:54 +0900"
    },
    "done": true
  },
  "minecraft:recipes/transportation/jungle_boat": {
    "criteria": {
      "entered_water": "2019-06-19 18:40:54 +0900"
    },
    "done": true
  },
  "minecraft:recipes/combat/leather_helmet": {
    "criteria": {
      "has_leather": "2019-06-19 19:01:54 +0900"
    },
    "done": true
  },
  "minecraft:recipes/transportation/spruce_boat": {
    "criteria": {
      "entered_water": "2019-06-19 18:40:54 +0900"
    },
    "done": true
  },
  "minecraft:recipes/combat/leather_leggings": {
    "criteria": {
      "has_leather": "2019-06-19 19:01:54 +0900"
    },
    "done": true
  },
  "minecraft:adventure/adventuring_time": {
    "criteria": {
      "plains": "2019-06-19 18:40:22 +0900"
    },
    "done": false
  },
  "minecraft:recipes/decorations/armor_stand": {
    "criteria": {
      "has_stone_slab": "2019-06-19 19:12:47 +0900"
    },
    "done": true
  }
}