{"stat.useItem.minecraft.quartz_block":25,"stat.leaveGame":22,"stat.useItem.mc8x9.hakkunblock-yellow":1,"stat.useItem.minecraft.glowstone":27,"stat.pickup.mc8x9.hakkunblock-white":2,"stat.pickup.minecraft.diamond_sword":1,"stat.useItem.minecraft.bedrock":391,"stat.jump":392,"stat.pickup.mc8x9.hakkunblock-yellow":2,"stat.crouchOneCm":10073,"stat.useItem.minecraft.dirt":7,"stat.pickup.minecraft.dirt":3,"stat.useItem.minecraft.stone_slab2":365,"achievement.exploreAllBiomes":{"value":0,"progress":["Plains"]},"stat.useItem.minecraft.glass":59,"stat.useItem.mc8x9.hakkunblock-lime":1,"stat.pickup.mc8x9.hakkunblock-silver":3,"stat.pickup.mc8x9.hakkunblock-purple":3,"stat.useItem.minecraft.gold_block":1,"stat.pickup.minecraft.gold_block":1,"stat.flyOneCm":1161336,"stat.useItem.mc8x9.hakkunblock-red":2,"stat.useItem.minecraft.wool":21,"stat.timeSinceDeath":262467,"stat.pickup.mc8x9.hakkunblock-lime":2,"stat.walkOneCm":384999,"stat.useItem.minecraft.lever":1,"stat.useItem.minecraft.redstone":28,"stat.pickup.mc8x9.hakkunblock-red":1,"stat.sprintOneCm":6135,"stat.useItem.minecraft.diamond_block":60,"achievement.8x9.8x9.main01":48,"stat.useItem.mc8x9.hakkunblock-blue":1,"achievement.openInventory":62,"stat.mineBlock.mc8x9.hakkunblock-brown":1,"stat.useItem.minecraft.barrier":27,"stat.useItem.minecraft.diamond_pickaxe":28,"stat.pickup.mc8x9.hakkunblock-pink":1,"stat.playOneMinute":262467,"stat.sneakTime":5520,"stat.useItem.mc8x9.hakkunblock-orange":2,"stat.pickup.mc8x9.hakkunblock-black":1,"stat.useItem.mc8x9.hakkunblock-brown":2,"stat.pickup.mc8x9.hakkunblock-blue":1}