{"stat.chestOpened":9,"stat.beaconInteraction":1,"stat.walkOneCm":454294,"stat.useItem.minecraft.quartz_block":9,"stat.pickup.minecraft.sign":3,"stat.useItem.minecraft.orange_glazed_terracotta":34,"stat.leaveGame":18,"stat.useItem.minecraft.beacon":1,"stat.drop.minecraft.wool":2,"stat.useItem.minecraft.diamond_sword":132,"stat.pickup.minecraft.diamond_sword":1,"stat.jump":640,"stat.swimOneCm":290,"stat.useItem.minecraft.redstone":19,"stat.crouchOneCm":12650,"stat.useItem.minecraft.dirt":56,"stat.sprintOneCm":27301,"stat.useItem.minecraft.diamond_shovel":188,"stat.useItem.minecraft.stone_slab2":2196,"stat.useItem.minecraft.water_bucket":70,"stat.useItem.minecraft.diamond_hoe":2,"stat.useItem.minecraft.glass":1,"stat.damageTaken":900,"stat.mobKills":5,"stat.useItem.minecraft.stonebrick":1,"stat.flyOneCm":4673131,"stat.deaths":2,"stat.drop":2,"stat.killEntity.Shulker":4,"stat.playOneMinute":516290,"stat.sneakTime":13922,"stat.pickup.minecraft.wool":2,"stat.damageDealt":1413,"stat.pickup.minecraft.redstone":3,"stat.timeSinceDeath":497235,"stat.useItem.minecraft.wooden_axe":4,"stat.useItem.minecraft.spawn_egg":2,"stat.pickup.minecraft.shulker_shell":4,"stat.useItem.minecraft.light_blue_glazed_terracotta":39}